project,target,configuration,hash,code,status,start,end
backend,build,,4072579590564598249,0,local-cache-kept-existing,1722476261249,1722476261352
backend,build,,8301894640116163746,0,success,1722476329850,1722476335862
backend,build,,9672440919455818495,0,success,1722476432099,1722476469463
backend,build,,5911514454385708946,0,success,1722477079651,1722477249300
backend,build,,5911514454385708946,0,local-cache-kept-existing,1722513481056,1722513481088
backend,build,,5911514454385708946,0,local-cache,1722513480075,1722513480171
backend,serve,development,4978937803585861274,1,failure,1722513480179,1722513481184
backend,build,,10448662960786154365,0,local-cache-kept-existing,1722611212878,1722611212917
backend,build,,10448662960786154365,0,local-cache-kept-existing,1722611321290,1722611321336
backend,build,,12787258944220845810,0,success,1722611490948,1722611498771
backend,build,,4090492812081814317,0,success,1722611875853,1722611882688
backend,build,,15138482450163714501,0,success,1722612149825,1722612157171
backend,build,,12491006283290011244,0,success,1722612249308,1722612256582
backend,build,,16100965116209855520,0,success,1722613286501,1722613344659
backend,build,,16100965116209855520,0,success,1722613286486,1722613344658
backend,build,,17134646427693406743,0,success,1722613494216,1722613501257
backend,build,,17134646427693406743,0,local-cache-kept-existing,1722613802576,1722613802612
backend,build,,17134646427693406743,0,local-cache-kept-existing,1722613801593,1722613801633
backend,serve,development,1186009942510832389,1,failure,1722613801642,1722614043327
backend,build,,10595987719453164767,0,local-cache-kept-existing,1722614224900,1722614224933
backend,build,,14476309951997432422,0,success,1722614341598,1722614348628
backend,build,,16980550803900294085,0,success,1722614353106,1722614358972
backend,build,,16980550803900294085,0,local-cache-kept-existing,1722614487782,1722614487820
backend,build,,16980550803900294085,0,local-cache-kept-existing,1722614487989,1722614488032
backend,build,,10595987719453164767,0,success,1722614218428,1722614224184
backend,serve,development,9566356068709775864,1,failure,1722614224187,1722614557330
backend,build,,6342704753743035220,0,local-cache-kept-existing,1722615051050,1722615051088
backend,build,,2585577929184998191,0,local-cache-kept-existing,1722615314926,1722615314956
backend,build,,6837104261615858420,0,success,1722615607311,1722615613764
backend,build,,12934333802318209812,0,success,1722615622415,1722615628752
backend,build,,5003504449022965997,0,success,1722615674530,1722615681279
backend,build,,17386141778509792054,1,failure,1722615687585,1722615694159
backend,build,,16822443912364831043,0,success,1722615720444,1722615728059
backend,build,,9962883073962319062,0,success,1722615745710,1722615751862
backend,build,,12114298660630251585,0,success,1722615962745,1722615969365
backend,build,,6637982421435376235,0,success,1722616211181,1722616219059
backend,build,,6637982421435376235,0,success,1722616211187,1722616219094
backend,build,,11584658364979194658,0,success,1722619685557,1722619721999
backend,build,,10431403927517132968,0,success,1722619836868,1722619844075
backend,build,,5420963184432198117,0,success,1722619872536,1722619879544
backend,build,,15842611505791218841,0,success,1722619909894,1722619917705
backend,build,,15842611505791218841,0,local-cache-kept-existing,1722620303448,1722620303482
backend,build,,15842611505791218841,0,local-cache-kept-existing,1722620357852,1722620357897
backend,build,,13951454648396469641,0,success,1722620440747,1722620469982
backend,build,,14606077716886862586,0,success,1722623383910,1722623422272
backend,build,,12579544852916742694,0,success,1722623402576,1722623426498
backend,build,,12536533935939874401,0,success,1722623431027,1722623466916
backend,build,,12536533935939874401,0,local-cache-kept-existing,1722623521658,1722623521691
backend,build,,10420766602817162442,0,success,1722623671644,1722623678386
backend,build,,2124067641543799458,0,success,1722623710734,1722623717894
backend,build,,10564379733286563588,0,success,1722624268036,1722624274797
backend,build,,2943949880329673766,0,local-cache-kept-existing,1722625082273,1722625082306
backend,build,,546751405133476189,0,success,1722625145961,1722625153391
backend,build,,546751405133476189,0,local-cache-kept-existing,1722625215039,1722625215077
backend,build,,546751405133476189,0,local-cache-kept-existing,1722625213959,1722625213996
backend,serve,development,6089265008413865079,1,failure,1722625214005,1722625302488
backend,build,,546751405133476189,0,local-cache-kept-existing,1722625332079,1722625332111
backend,build,,13962834043542457197,0,success,1722625369894,1722625378794
backend,build,,5375467184073738267,0,success,1722626361101,1722626387894
